nItems,insert_time,searching_time
50000,1.980138,0.005358
100000,4.059035,0.013842
150000,6.470782,0.022174
200000,8.929937,0.029494
250000,11.888555,0.039097
300000,14.164667,0.048097
350000,16.555360,0.054422
400000,19.047599,0.061892
450000,21.663892,0.069554
500000,24.117589,0.090444
550000,26.696431,0.099685
600000,29.110986,0.105875
650000,31.826768,0.114467
700000,34.228904,0.122314
750000,36.627487,0.132236
800000,39.560682,0.147901
850000,41.910633,0.142734
900000,44.772259,0.160041
