nItems,insert_time,searching_time
900000,115.751428,7.240984
900000,105.707458,4.549160
900000,108.702084,4.614726
100000,11.196580,0.432447
200000,23.988729,1.263187
900000,113.640913,6.763668
