nItems,insert_time,searching_time
50000,3.024248,0.073796
100000,6.597311,0.181333
150000,7.784946,0.304664
200000,14.780367,0.427215
250000,16.454477,0.542959
300000,20.392321,0.624643
350000,24.981686,0.749819
400000,30.413318,0.879144
450000,33.958844,0.935901
500000,38.876744,1.296009
550000,40.748933,1.366665
600000,45.703815,1.464254
650000,51.466347,1.547948
700000,52.904934,1.668227
750000,57.977665,1.881627
800000,62.300431,1.954950
850000,65.993495,1.990348
900000,70.521194,-0.526665
