nItems,ins_time,search_time,sky_time
10000,1.24597,0.170803,7.78398
10000,1.22475,0.172491,0.749931
10000,1.23397,0.172903,0.71671
10000,1.23379,0.181688,0.956628
10000,1.25056,0.169901,0.711947
10000,1.22889,0.172752,0.522972
10000,1.24263,0.173976,1.08859
10000,1.24679,0.174349,0.25122
