nItems,ins_time,search_time,sky_time
10000,1.23582,0.17645,7.36706
10000,1.22371,0.173073,7.60972
10000,1.21447,0.170678,7.3132
10000,1.22143,0.174436,7.47631
10000,1.21201,0.16995,7.58084
10000,1.22454,0.175514,7.59404
10000,1.24365,0.173116,7.56013
