row_count,time_ins,time_skyline
10000,2.129013,3.547294
10000,2.028334,9.201936
10100,2.122954,9.370615
10100,2.059865,7.249744
10000,1.721627,9.187662
10100,1.699115,8.735975
10100,1.656870,9.001494
10000,1.710860,6.704212
10200,1.804338,9.313901
10500,1.764975,9.229487
10500,1.773682,8.125111
10500,1.756897,6.570298
10568,1.750579,9.243391
10569,1.801661,6.677336
10570,1.735659,7.237619
10580,1.749406,3.908541
10590,1.729785,9.981713
