row_count,time_ins,time_skyline
10000,2.129013,3.547294
10000,2.028334,9.201936
10100,2.122954,9.370615
10100,2.059865,7.249744
