data_size,time
4998,0.00623097
9996,0.0133138
15000,0.0228393
19998,0.0306731
24996,0.0406003
30000,0.0487009
34998,0.0558157
39996,0.0660676
45000,0.0782427
49998,0.0844319
54996,0.097368
60000,0.100814
64998,0.118377
69996,0.122505
75000,0.13674
79998,0.176325
84996,0.168915
90000,0.171204
94998,0.186733
99996,0.203296
